<?xml version="1.0" encoding="UTF-8"?>
<preferences>
 <debug showDebugMenu="0" />
 <systemtable filter="Default">
  <columns>
   <connections preferredWidth="143" />
   <irq preferredWidth="34" />
   <name preferredWidth="240" />
   <export preferredWidth="136" />
   <inputclock preferredWidth="202" />
  </columns>
 </systemtable>
 <clocktable>
  <columns>
   <clockname preferredWidth="441" />
   <clocksource preferredWidth="441" />
   <frequency preferredWidth="422" />
  </columns>
 </clocktable>
 <library expandedCategories="Project,Library" />
 <window width="1920" height="1040" x="0" y="0" />
 <hdlexample language="VHDL" />
 <generation synthesis="VHDL" />
</preferences>
